{
  "raw": {
    "diff": 1.4120873601621682,
    "ci": [
      1.0909945374109111,
      1.7331801829134252
    ],
    "p": 4.199576838780694e-26,
    "d": 0.06864288459252,
    "rbc": 0.04629350029612889
  },
  "spec1": {
    "model": "spec1",
    "coef": 1.0805729642404345,
    "lo": 0.7600600307425868,
    "hi": 1.401085897738282,
    "p": 3.9008359740006664e-11,
    "r2": 0.0071845321651770044
  },
  "spec2": {
    "model": "spec2",
    "coef": 0.2785792898694011,
    "lo": -0.014019136286163525,
    "hi": 0.5711777160249658,
    "p": 0.062033375061037684,
    "r2": 0.32883760825163166
  },
  "decomp": {
    "raw": 1.4120873601621682,
    "between": 1.3962062321218305,
    "within": 0.015881128040342495
  },
  "robust": [
    {
      "model": "Substring feat/with rule",
      "coef": 0.22620492876176876,
      "lo": -0.06657996701758503,
      "hi": 0.5189898245411225,
      "p": 0.12995899390750892,
      "n": 89740
    },
    {
      "model": "'&' counted as collaboration",
      "coef": 0.1707175564158643,
      "lo": -0.11507146215488487,
      "hi": 0.4565065749866135,
      "p": 0.24168131736558895,
      "n": 89740
    },
    {
      "model": "Excluding popularity = 0",
      "coef": 0.3348583100268439,
      "lo": 0.09202558598681856,
      "hi": 0.5776910340668693,
      "p": 0.006877348923466399,
      "n": 80293
    },
    {
      "model": "Excluding remix/live/acoustic/remaster",
      "coef": 0.4558220257081932,
      "lo": 0.15102686787235287,
      "hi": 0.7606171835440335,
      "p": 0.0033772955219632922,
      "n": 84522
    }
  ]
}